journalname,journalabbreviation,journalurl,year,issn,volume,issue,articletitle,doiurl,author,author_affiliation,abstractbody,keywords,fulltext,fulltexturl,publisheddate,conflictofinterests,otherurl,articleurl,pubmedid,pmcid,sponsors,manualid,country,chemicalcode,meshdescriptioncode,meshqualifiercode,medlinepgn,language,nlmuniqueid,datecompleted,daterevised,medlinedate,studytype,isboolean,nativetitle,nativeabstract,citations,reference,disclosure,acknowledgements,supplement_url
Archivos de Medicina del Deporte,,https://archivosdemedicinadeldeporte.com/en/,2023,,VOLUMEN 40,1,Formación de modelo de información médica para la rehabilitación de atletas altamente calificados,,"Wei Wang, Yan Hao Tu, Elena Kozlova, Ke Wu Fang",,"Cada etapa de desarrollo del sistema de salud y de la medicina está asociada no solo al surgimiento de nuevas áreas integradas del conocimiento, sino también a cambios radicales en la tecnología del trabajo del médico con el paciente, algoritmos, métodos de recolección, procesamiento de información, y tomando decisiones. Asimismo, muchos postulados necesitan revisión, activación de las reservas existentes, ciertos conceptos también requieren una nueva interpretación. Objetivo: Formar un modelo médico de alta calidad para la rehabilitación de atletas altamente calificados. Each development stage of the healthcare system and medicine is associated not only with the emergence of new integrated areas of knowledge, but also with radical changes in the technology of the doctor’s work with the patient, algorithms, methods for collecting, processing information, and making decisions. Also, many postulates need revision, activation of existing reserves, certain concepts also require a new interpretation. Objective: To form a high-quality medical model for the rehabilitation of highly qualified athletes.",,,https://archivosdemedicinadeldeporte.com/articulos/upload/or5_Wei_Wang_ABSTRACT.pdf,,,,https://archivosdemedicinadeldeporte.com/articulo/es/161/2001/2029/,,,,,,,,,,,,,,,,,,,,,,,
Archivos de Medicina del Deporte,,https://archivosdemedicinadeldeporte.com/en/,2023,,VOLUMEN 40,2,Composición corporal y somatotipo de los atletas del programa de desarrollo de talentos deportivos chilenos,,"Carlos Bahamondes-Avila, Jaime Cárcamo-Oyarzún, Esteban Aedo-Muñoz, Claudio Hernandez-Mosqueira, Cristian Martínez-Salazar, Marcelo Rosas-Mancilla, Pedro Delgado-Floody, Felipe Caamaño-Navarrete, Daniel Jerez-Mayorga",,Introducción: Determinar la composición corporal y el somatotipo en los talentos deportivos es una referencia útil para mejorar la trayectoria hacia la competición de alto nivel. Objetivo: El objetivo de este estudio es determinar la composición corporal y el somatotipo por disciplina de los niños y adolescentes de ambos géneros en el programa de desarrollo de talentos deportivos del Centro de Entrenamiento Regional. Introduction: Determining the body composition and somatotype in sport talents provides a useful reference to improve the trajectory toward high-level competition. Objective: The aim of this study is to determine the body composition and somatotype by discipline of children and adolescents of both genders in the sport talent development program at the Regional Training Center.,,,https://archivosdemedicinadeldeporte.com/articulos/upload/or6_Bahamondes_ABSTRACT.pdf,,,,https://archivosdemedicinadeldeporte.com/articulo/es/162/2001/2041/,,,,,,,,,,,,,,,,,,,,,,,
Archivos de Medicina del Deporte,,https://archivosdemedicinadeldeporte.com/en/,2023,,VOLUMEN 40,3,Efectos de un programa de entrenamiento de fuerza máxima en nadadores de competición: una revisión sistemática,,"David Alejandro Ruales Herrera, Daniel López-Plaza",,,,,https://archivosdemedicinadeldeporte.com/articulos/upload/rev1_Ruales_ABSTRACT.pdf,,,,https://archivosdemedicinadeldeporte.com/articulo/es/163/2001/2052/,,,,,,,,,,,,,,,,,,,,,,,
Archivos de Medicina del Deporte,,https://archivosdemedicinadeldeporte.com/en/,2023,,VOLUMEN 40,5,Contraindicaciones para la práctica deportiva. Documento de Consenso de la Sociedad Española de Medicina del Deporte (SEMED). Versión 2023,,"Pedro Manonelles Marqueta, Emilio Luengo Fernández, Luis Franco Bonafonte (coordinadores), Helena Álvarez-Garrido, Miguel Archanco Olcese, Carmen Arnaudas Roy, Rafael Arriaza Loureda, Montserrat Bellver Vives, Raquel Blasco Redondo, Araceli Boraita Pérez,",,,,,https://archivosdemedicinadeldeporte.com/articulos/upload/CONTRAINDICACIONES_doc_consenso_2023.pdf,,,,https://archivosdemedicinadeldeporte.com/articulo/es/164/2001/2053/,,,,,,,,,,,,,,,,,,,,,,,
Archivos de Medicina del Deporte,,https://archivosdemedicinadeldeporte.com/en/,2023,,VOLUMEN 39,1,Mejora de la flexibilidad de isquiotibiales a través de intervenciones basadas en educación física: una revisión sistemática y un meta-análisis,,"Cristian Pérez Vigo, Kyle Myller, Adriano Sánchez, Carlos Ayan",,"La flexibilidad es un fuerte indicador de la salud física de los niños. La investigación científica ha indicado que hay una disminución mundial en la condición física de los niños, incluida una reducción en los niveles de flexibilidad. Las clases de educación física (EF) que forman parte del curriculum, son un entorno ideal para mejorar los niveles de aptitud física de los niños Flexibility is recognized as a strong marker of physical health in children. Scientific research has indicated that there is a worldwide decline in children’s physical fitness, including a reduction in flexibility levels. It has been suggested that a lack of flexibility in youth may be responsible for several health complications, including back pain, injury risk, and posture problems. Physical education (PE) classes are part of the school curriculum",,,https://archivosdemedicinadeldeporte.com/articulos/upload/rev2_perez_vigoABSTRACT.pdf,,,,https://archivosdemedicinadeldeporte.com/articulo/es/155/2001/1939/,,,,,,,,,,,,,,,,,,,,,,,
Archivos de Medicina del Deporte,,https://archivosdemedicinadeldeporte.com/en/,2023,,VOLUMEN 39,2,Efectos de la actividad física y hábitos alimenticios en los niveles de obesidad de niños entre 6 y 12 años: revisión sistemática,,"Rubén Palma Fontealva, Pablo Pérez Ojeda, Claudio Hernández-Mosqueira, Fernando Galle Santana, Karoll Ibañez Goudeau",,La actividad física y los hábitos alimentarios son variables a tener en cuenta para el análisis y corrección de los problemas de obesidad. El objetivo de esta revisión fue evaluar los efectos que tiene la actividad física y los hábitos alimentarios en los niveles de obesidad en niños entre 6 a 12 años de edad. Se realizó una búsqueda bibliográfica en las bases de datos WOS y SCOPUS. Los criterios de elegibilidad fueron establecidos en base al acrónimo PICOS: (P) niños de educación básica de entre 6 y 12 años de edad Physical activity and eating habits are variables to take into account for the analysis and correction of obesity problems. The objective of this review was to evaluate the effects of physical activity and eating habits on obesity levels in children between 6 and 12 years of age. A bibliographic search was carried out in the WOS and SCOPUS databases. The eligibility criteria were established based on the acronym PICOS: (P) basic education children between 6 and 12 years of age,,,https://archivosdemedicinadeldeporte.com/articulos/upload/rev2_palma_ABSTRACT.pdf,,,,https://archivosdemedicinadeldeporte.com/articulo/es/156/2001/1950/,,,,,,,,,,,,,,,,,,,,,,,
Archivos de Medicina del Deporte,,https://archivosdemedicinadeldeporte.com/en/,2023,,VOLUMEN 39,3,"Actividad física, condición física y calidad de vida en los adultos mayores. Revisión sistemática",,"Antonio M. López-Martí, Irene de Haro Padilla, Antonio López-Téllez, Jerónimo García Romero",,"Introducción: El envejecimiento de la población junto al sedentarismo, puede ocasionar un deterioro funcional que conduciría a la disminución de la condición física y de la calidad de vida. La promoción del envejecimiento activo puede mejorar la calidad de vida y la condición física de nuestros mayores. Objetivo: Evaluar la evidencia científica disponible sobre el efecto de la actividad física en los mayores, en términos de calidad de vida, condición física y mantenimiento de la independencia funcional. Background: The aging of the population together with sedentary lifestyle, can cause a functional deterioration that leads to the decrease of physical condition and quality of life. Promoting active aging can improve the quality of life and physical condition of our elders. Objective: This work aims to investigate the available scientific evidence on the effect of physical activity in older adults, in terms of quality of life, physical condition, and maintenance of functional independence.",,,https://archivosdemedicinadeldeporte.com/articulos/upload/rev01_lopez_marti_ABSTRACT.pdf,,,,https://archivosdemedicinadeldeporte.com/articulo/es/158/2001/1965/,,,,,,,,,,,,,,,,,,,,,,,
Archivos de Medicina del Deporte,,https://archivosdemedicinadeldeporte.com/en/,2023,,VOLUMEN 39,4,Estudio de la variabilidad de la frecuencia cardiaca tras la exposición a la hipoxia normobárica,,"Inés Albertus Cámara, María José Paredes Ruiz, María Jódar Reverte, Vicente Ferrer López, Ignacio Martínez González-Moro",,La variabilidad de la frecuencia cardiaca (VFC) es una herramienta capaz de analizar y valorar la actividad vegetativa sobre el corazo?n ante diversas actividades y situaciones. Consiste en medir el tiempo que trascurre entre cada dos latidos cardiacos durante un periodo de tiempo y expresarlo en función de ecuaciones matemáticas y estadísticas. Otros autores han analizado la influencia de diferentes estresores sobre la VFC. En este trabajo buscamos la acción de la hipoxia normoba?rica (HN) sobre la misma. Heart rate variability (HRV) is a tool capable of analysing and assessing the vegetative activity of the heart in various activities and situations. It consists of measuring the time that elapses between every two heartbeats over a period of time and expressing it in terms of mathematical and statistical equations. Other authors have analysed the influence of different stressors on HRV. In this work we are looking for the action of normobaric hypoxia (NH) on HRV. NH consists of breathing oxygen-depleted air simulating altitude training.,,,https://archivosdemedicinadeldeporte.com/articulos/upload/or6_Albertus_ABSTRACT.pdf,,,,https://archivosdemedicinadeldeporte.com/articulo/es/159/2001/1978/,,,,,,,,,,,,,,,,,,,,,,,
Archivos de Medicina del Deporte,,https://archivosdemedicinadeldeporte.com/en/,2023,,VOLUMEN 39,5,La vuelta al entrenamiento y la competición tras una conmoción y traumatismo craneoencefálico,,Cristian Solis Mencia,,"El regreso a la competición después de una Conmoción cerebral y Traumatismo Craneonecefálico (TCE) es un tema en constante evolución. El retorno que se realizaba 20 años atrás era una decisión dicotómica, donde el deportista podía o no regresar a la práctica deportiva sin restricciones una vez que estaba libre de síntomas. Esta forma de manejar el retorno a la práctica deportiva se asoció a la reiteración de nuevas conmociones en la misma temporada, la mayoría en los primeros 10 días después de la lesión. Return to play following Brain concussion or Traumatic Brain Injury (TBI) is a constantly evolving subject. 20 years ago, return to play was a dichotomous decision, where it was left to the athlete to decide whether or not to return to unrestricted sports practice once the symptoms had disappeared. This type of management of the return to sports practice was associated with further concussions in the same season, most of which occurred in the first 10 days after the injury.",,,https://archivosdemedicinadeldeporte.com/articulos/upload/articulo_10.pdf,,,,https://archivosdemedicinadeldeporte.com/articulo/es/157/2001/1998/,,,,,,,,,,,,,,,,,,,,,,,
Archivos de Medicina del Deporte,,https://archivosdemedicinadeldeporte.com/en/,2023,,VOLUMEN 39,6,Efectos del ejercicio físico en la capacidad aeróbica y la calidad de vida en pacientes diagnosticados con asma: revisión sistemática y meta-análisis,,"Daniel Gallardo Gómez, Francisco Álvarez Barbosa",,"Actualmente, el asma es una enfermedad incapacitante sin cura, y urge el desarrollo de tratamientos no farmacológicos eficaces que puedan aliviar los efectos secundarios de los fármacos y los síntomas patológicos. Algunos estudios han demostrado que el ejercicio físico puede tener efectos beneficiosos en pacientes con asma, pero los resultados fueron controvertidos e inconsistentes. Se necesita más evidencia para garantizar que el ejercicio sea un posible tratamiento eficaz en personas con asma. Nowadays, asthma is a disabling disease with no cure, and the development of effective non-pharmacological treatments which can alleviate side effects of drugs and pathological symptoms is urgent. Some studies have shown that physical exercise may have beneficial effects in patients with asthma, but results were controversial and inconsistent. More evidence is needed to ensure exercise as possible effective treatment in people with asthma.",,,https://archivosdemedicinadeldeporte.com/articulos/upload/rev1_Gallardo_ABSTRACT.pdf,,,,https://archivosdemedicinadeldeporte.com/articulo/es/160/2001/2014/,,,,,,,,,,,,,,,,,,,,,,,
Archivos de Medicina del Deporte,,https://archivosdemedicinadeldeporte.com/en/,2023,,VOLUMEN 38,1,Efectos del ejercicio físico y el ayuno intermitente en la salud: una revisión sistemática,,"Jorge Salse-Batán, Brian Villar Pérez, Miguel A. Sánchez-Lastra, Carlos Ayán Pérez",,"Esta investigación tuvo como objetivo revisar sistemáticamente la evidencia científica al respecto de los efectos que tiene en la salud el hecho de combinar ejercicio físico y ayuno intermitente, así como determinar si su impacto es mayor que cuando ambas actividades se realizan de forma separada. This research aimed to systematically review the scientific evidence regarding the effects on health of combining exercise and fasting, as well as to determine if their impact is greater than when both activities are performed separately.",,,https://archivosdemedicinadeldeporte.com/articulos/upload/rev2_salse_batan_ABSTRACT.pdf,,,,https://archivosdemedicinadeldeporte.com/articulo/es/149/2001/1850/,,,,,,,,,,,,,,,,,,,,,,,
Archivos de Medicina del Deporte,,https://archivosdemedicinadeldeporte.com/en/,2023,,VOLUMEN 38,2,Programa de entrenamiento óptimo durante el embarazo en la prevención de la hipertensión gestacional y preeclampsia: una revisión sistemática,,"Sandra Sánchez Parente, Alejandro Sánchez Delgado, José Castro-Piñero",,"La hipertensión gestacional (HTG) y preeclampsia son trastornos hipertensivos, y la principal causa mundial de mortalidad materna y perinatal. Actualmente, la evidencia avala el beneficio del ejercicio físico (EF) moderado durante embarazos sin complicaciones en la prevención de HTG y preeclampsia. Sin embargo, no existe evidencia sobre qué tipo de entrenamiento es más eficaz para su prevención. Gestational hypertension and pre-eclampsia are hypertensive disorders which are the world’s leading cause of maternal and perinatal mortality. Currently, evidences support the benefit of moderate physical exercise (PE) during uncomplicated pregnancies in the prevention of HTG and pre-eclampsia. However, there is no evidence on which kind of training is more effective for its prevention.",,,https://archivosdemedicinadeldeporte.com/articulos/upload/rev02_sanchez_ABSTRACT.pdf,,,,https://archivosdemedicinadeldeporte.com/articulo/es/150/2001/1866/,,,,,,,,,,,,,,,,,,,,,,,
Archivos de Medicina del Deporte,,https://archivosdemedicinadeldeporte.com/en/,2023,,VOLUMEN 38,3,Fatiga relativa al cáncer: factores desencadenantes y función del ejercicio físico,,"Aida Tórtola-Navarro, Alfredo Santalla",,"Diversas publicaciones han teorizado sobre los desencadenantes de la fatiga relativa al cáncer, uno de los efectos secundarios de la enfermedad y sus tratamientos que más estresa a los supervivientes de esa enfermedad. Por otro lado, el ejercicio físico ha sido analizado como terapia para reducir el impacto de esta secuela, y diversas instituciones apoyan su inclusión dentro de los programas de cuidado para población oncológica. Several publications have theorized about the triggers of cancer-related fatigue, one of the side effects of the disease and its treatments that most stress cancer survivors. On the other hand, physical exercise has been analyzed as a therapy to reduce the impact of this sequel, and several institutions support its inclusion within care programs for the oncological population.",,,https://archivosdemedicinadeldeporte.com/articulos/upload/rev02_tortola_ABSTRACT.pdf,,,,https://archivosdemedicinadeldeporte.com/articulo/es/151/2001/1881/,,,,,,,,,,,,,,,,,,,,,,,
Archivos de Medicina del Deporte,,https://archivosdemedicinadeldeporte.com/en/,2023,,VOLUMEN 38,4,Guía de protección del médico del deporte ante el dopaje,,"Pedro Manonelles, José Luis Terreros Blanco, Fernando Ávila España, Juan José Castro García, Jorge De las Heras Romero, Miguel Del Valle Soto, Luis Franco Bonafonte, Teresa Gaztañaga Aurrecoetxea, Juan Garcia-Nieto Portabella, Agustín González Gon",,"La prevención del dopaje es una de las responsabilidades profesionales más importantes e irrenunciables que tiene que asumir el médico que trabaja con deportistas. Para realizar adecuadamente este trabajo, el médico debe tener un profundo conocimiento de lo que significa el dopaje, su normativa, sus consecuencias, tanto médicas como legales, y la forma de evitar que se produzca. Gracias a este conocimiento evitará consecuencias que puedan ser perjudiciales tanto para el deportista como para el mismo. Preventing doping is one of the most important and unwaiverable professional responsibilities taken on by any doctor working with athletes. To do this job properly, the doctor must have in-depth knowledge of doping, its rules, its medical and legal consequences, and how to stop it happening. This knowledge will help doctors avoid consequences that might be damaging for both athlete and doctor.",,,https://archivosdemedicinadeldeporte.com/articulos/upload/articulo_especial_ABSTRACT.pdf,,,,https://archivosdemedicinadeldeporte.com/articulo/es/152/2001/1897/,,,,,,,,,,,,,,,,,,,,,,,
Archivos de Medicina del Deporte,,https://archivosdemedicinadeldeporte.com/en/,2023,,VOLUMEN 38,5,Transferencia cruzada en el control motor en tareas visuomotoras. Revisión sistemática,,"Javier Ruiz-Seijoso, Yaiza Taboada-Iglesias",,"El término cross-education describe la mejora de rendimiento, tanto en control motor como en fuerza, de un miembro tras el entrenamiento del contrario. A pesar de su actual interés, no existe consenso en muchos conceptos de la transferencia de una habilidad visuomotora. El objetivo del presente estudio fue revisar la literatura actual sobre el fenómeno cross-education en habilidades visuomotoras para determinar la magnitud de transferencia y sus relaciones con el contexto de la intervención. The term “cross-education” describes the perfomance improvement, both in motor control and strength, of a limb after training the opposite. Despite its current interest, there is no consensus on many concepts of the transfer of a visuomotor skill. The aim of the present research was to review the current literature on the phenomenon of cross-education in visuomotor skills in order to determine the magnitude of transference and its relationships with the context of the intervention.",,,https://archivosdemedicinadeldeporte.com/articulos/upload/rev2_ruiz_seijoso_ABSTRACT.pdf,,,,https://archivosdemedicinadeldeporte.com/articulo/es/153/2001/1911/,,,,,,,,,,,,,,,,,,,,,,,
Archivos de Medicina del Deporte,,https://archivosdemedicinadeldeporte.com/en/,2023,,VOLUMEN 38,6,Validez del porcentaje de grasa corporal estimado por bioimpedancia y pliegues cutáneos en mujeres de mediana edad y ancianas,,"Eliane Lopes, Leôncio L Soares, Lucas R R Caldas, Matheus S Cerqueira, João C B Marins, Maicon R Albuquerque, Miguel A Carneiro-Júnior",,"Verificar la validez de la bioimpedancia eléctrica (BIA) y el método del pliegue cutáneo en la estimación del porcentaje de grasa corporal (% GC) en mujeres de mediana edad y ancianas, mediante la doble emisión de rayos X (DXA) como método de referencia. La muestra estuvo formada por 106 voluntarias (mediana edad, n = 58 [51,3 ± 4,9 años] y ancianas, n = 48 [67,2 ± 5,8 años]). Las voluntarias fueron sometidas a evaluaciones antropométricas y, posteriormente, se calculó el % GC utilizando el protocolo de pliegues cutáneos Jackson y Pollock 7 Verify the validity of electrical bioimpedance (BIA) and the skinfold method in estimating the percentage of body fat (% BF) in middle-aged and elderly women, using dual emission X-ray absorptiometry (DXA) as a reference method. The sample consisted of 106 volunteers (middle age, n = 58 [51.3 ± 4.9 years] and elderly, n = 48 [67.2 ± 5.8 years]). The volunteers were submitted to anthropometric assessments and the % BF was subsequently calculated using the Jackson and Pollock 7 skinfold protocol",,,https://archivosdemedicinadeldeporte.com/articulos/upload/or3_LOPES_ABSTRACT.pdf,,,,https://archivosdemedicinadeldeporte.com/articulo/es/154/2001/1926/,,,,,,,,,,,,,,,,,,,,,,,
Archivos de Medicina del Deporte,,https://archivosdemedicinadeldeporte.com/en/,2023,,VOLUMEN 37,1,Características de la composición corporal en jugadores de balonmano: revisión sistemática,,"Alejandro Martínez-Rodríguez, María Martínez-Olcina, María Hernández-García, Jacobo Á. Rubio-Arias, Javier Sánchez-Sánchez, Juan A. Sánchez-Sáez",,,,,https://archivosdemedicinadeldeporte.com/articulos/upload/rev2_martinez_rodriguez_ABSTRACT.pdf,,,,https://archivosdemedicinadeldeporte.com/articulo/es/139/2001/1746/,,,,,,,,,,,,,,,,,,,,,,,
Archivos de Medicina del Deporte,,https://archivosdemedicinadeldeporte.com/en/,2023,,VOLUMEN 37,2,Ejercicio individualizado como herramienta protectora en la rehabilitación cardio-oncológica: revisión narrativa,,"David García-González, Txomin Pérez-Bilbao, Alejandro de la Torre-Luque, Escarlata López Ramírez, Jesús García-Foncillas López, Alejandro F. San Juan",,,,,https://archivosdemedicinadeldeporte.com/articulos/upload/rev02_garcia-ABSTRACT.pdf,,,,https://archivosdemedicinadeldeporte.com/articulo/es/140/2001/1761/,,,,,,,,,,,,,,,,,,,,,,,
Archivos de Medicina del Deporte,,https://archivosdemedicinadeldeporte.com/en/,2023,,VOLUMEN 37,3,Métodos de medición de la actividad física en niños y su relación con el estado nutricional: una revisión narrativa,,"Eduardo Guzmán-Muñoz, Pablo Valdés-Badilla, Yeny Concha-Cisternas, Guillermo Méndez-Rebolledo, Marcelo Castillo-Retamal",,"En las últimas décadas, el sobrepeso y obesidad se han convertido en una epidemia mundial que afecta no solo a la población adulta sino también a niños y adolescentes. En España la prevalencia alcanza el 46%, con mayor presencia en hombres. Por otro lado, en algunos países de América Latina, las tasas se acercan al 50% del sobrepeso y obesidad en niños de 5 a 9 años. In recent decades, overweight and obesity have become a global epidemic that affects not only the adult population but also children and adolescents. In Spain the prevalence reaches 46%, with a greater presence in men. On the other hand, in some countries of Latin America the rates are close to 50% of overweight and obesity in children between 5 and 9 years old. Excess",,,https://archivosdemedicinadeldeporte.com/articulos/upload/rev02_guzman_ABSTRACT.pdf,,,,https://archivosdemedicinadeldeporte.com/articulo/es/141/2001/1775/,,,,,,,,,,,,,,,,,,,,,,,
Archivos de Medicina del Deporte,,https://archivosdemedicinadeldeporte.com/en/,2023,,VOLUMEN 37,4,Actividad física en pacientes oncológicos de cáncer de mama: ¿Terapia médica deportiva no farmacológica? Revisión sistemática,,"Diego Fernández-Lázaro, Juan Mielgo-Ayuso, Alberto Caballero-García, Alfredo Córdova Martínez, María Paz Lázaro Asensio, César I. Fernández-Lázaro",,"El cáncer de mama (CM) sigue siendo la causa principal de cáncer en las mujeres con casi 1,4 millones de casos nuevos en todo el mundo anualmente y 27.000 en España. Las terapias oncológicas, cada vez más eficaces, sin embargo, tienen numerosos efectos adversos como el degaste muscular, la fatiga, la disminución de la función física y la capacidad aeróbica, conjuntamente con el deterioro de la calidad de vida. En este sentido la actividad física (AF)... Breast cancer (BC) remains the leading cause of cancer in women with nearly 1.4 million new cases worldwide annually and 27.000 in Spain. Increasingly effective oncology therapies, however, have numerous adverse effects such as muscle degeneration, fatigue, decreased physical function and aerobic capacity, along with deteriorating quality of life. In this sense physical activity (PA)...",,,https://archivosdemedicinadeldeporte.com/articulos/upload/rev02_Fernandez_Lazaro_ABSTRACT.pdf,,,,https://archivosdemedicinadeldeporte.com/articulo/es/144/2001/1793/,,,,,,,,,,,,,,,,,,,,,,,
Archivos de Medicina del Deporte,,https://archivosdemedicinadeldeporte.com/en/,2023,,VOLUMEN 37,5,"Homeostasis sistémica del hierro en mujeres deportistas: hepcidina, ejercicio y la influencia del sexo",,"Laura Barba-Moreno, Víctor M. Alfaro-Magallanes, Francisco Javier Calderón, Ana B. Peinado",,"El hierro es necesario para suministrar adecuadamente el oxígeno a los tejidos, ya que es un componente esencial de la hemoglobina. Sin embargo, la deficiencia de hierro sigue siendo un problema común entre los atletas, particularmente para las mujeres que experimentan el sangrado menstrual cada mes. Las pérdidas de hierro producidas tras la el sangrado menstrual Iron is necessary for adequate deliver oxygen to the tissues since it is an essential component of the haemoglobin. However, iron deficiency remains a common problem among athletes, particularly for women experiencing the menstrual bleeding every month. The iron losses through menstrual blood loss",,,https://archivosdemedicinadeldeporte.com/articulos/upload/rev02_barba-ABSTRACT.pdf,,,,https://archivosdemedicinadeldeporte.com/articulo/es/147/2001/1813/,,,,,,,,,,,,,,,,,,,,,,,
Archivos de Medicina del Deporte,,https://archivosdemedicinadeldeporte.com/en/,2023,,VOLUMEN 37,6,"Deterioro funcional hospitalario y posibles intervenciones desde la actividad física, una revisión de la literatura",,"Bethia Pacheco, Luis Carlos Venegas-Sanabria, Diego A. Chavarro-Carvajal",,"El deterioro funcional hospitalario (DHF) se define como la pérdida de la capacidad de realizar al menos una de las actividades básicas de la vida diaria respecto a la situación basal de la persona (2 semanas antes del inicio de la enfermedad aguda). Su prevalencia va en aumento por la transición demográfica de los últimos años que ha generado que el envejecimiento se convierta en un reto con gran impacto en la salud Hospital functional impairment is defined as the loss of the ability to perform at least one of the basic activities of daily living with respect to the baseline situation of the person (2 weeks before the onset of acute illness). Its prevalence has been increasing due to the demographic transition of the last few years, which has caused aging to become a challenge with great impact on the health of people",,,https://archivosdemedicinadeldeporte.com/articulos/upload/rev02_pacheco_ABSTRACT.pdf,,,,https://archivosdemedicinadeldeporte.com/articulo/es/148/2001/1833/,,,,,,,,,,,,,,,,,,,,,,,
Archivos de Medicina del Deporte,,https://archivosdemedicinadeldeporte.com/en/,2023,,VOLUMEN 36,1,Conclusiones del Grupo Avilés,,,,,,,https://archivosdemedicinadeldeporte.com/articulos/upload/grupo_aviles.pdf,,,,https://archivosdemedicinadeldeporte.com/articulo/es/130/2001/1624/,,,,,,,,,,,,,,,,,,,,,,,
Archivos de Medicina del Deporte,,https://archivosdemedicinadeldeporte.com/en/,2023,,VOLUMEN 36,2,Reglamento de clasificación deportiva para atletas con diferencias en el desarrollo sexual (DSD),,"Pedro Manonelles Marqueta, José Luis Terreros Blanco, Juan José Rodríguez Sendín",,,,,https://archivosdemedicinadeldeporte.com/articulos/upload/rev2_manonelles_ABSTRACT.pdf,,,,https://archivosdemedicinadeldeporte.com/articulo/es/131/2001/1662/,,,,,,,,,,,,,,,,,,,,,,,
Archivos de Medicina del Deporte,,https://archivosdemedicinadeldeporte.com/en/,2023,,VOLUMEN 36,3,Efectos agudos del calor sobre variables de salud durante el ejercicio continuo en comparación con condiciones normales y frías: una revisión sistemática,,"Oriol Abellán-Aynés, Daniel López-Plaza, Carmen Daniela Quero Calero, Marta Isabel Fernández Calero, Luis Andreu Caravaca, Fernando Alacid",,,,,https://archivosdemedicinadeldeporte.com/articulos/upload/rev2_abellan-ABSTRACT.pdf,,,,https://archivosdemedicinadeldeporte.com/articulo/es/134/2001/1677/,,,,,,,,,,,,,,,,,,,,,,,
Archivos de Medicina del Deporte,,https://archivosdemedicinadeldeporte.com/en/,2023,,VOLUMEN 36,4,Rabdomiolisis inducida por esfuerzo,,"Pedro Manonelles Marqueta, Carlos De Teresa Galván, Luis Franco Bonafonte, José Fernando Jiménez Díaz",,,,,https://archivosdemedicinadeldeporte.com/articulos/upload/rev2_Manonelles-ABSTRACT.pdf,,,,https://archivosdemedicinadeldeporte.com/articulo/es/135/2001/1693/,,,,,,,,,,,,,,,,,,,,,,,
Archivos de Medicina del Deporte,,https://archivosdemedicinadeldeporte.com/en/,2023,,VOLUMEN 36,5,Disfunción reproductiva por entrenamiento físico: el ?€Shipogonadismo masculino producto del ejercicio?€?,,"Amy R. Lane, Carlos A. Magallanes, Anthony C. Hackney",,,,,https://archivosdemedicinadeldeporte.com/articulos/upload/rev02_lane-ABSTRACT.pdf,,,,https://archivosdemedicinadeldeporte.com/articulo/es/136/2001/1707/,,,,,,,,,,,,,,,,,,,,,,,
Archivos de Medicina del Deporte,,https://archivosdemedicinadeldeporte.com/en/,2023,,VOLUMEN 36,1,VIII Jornadas Nacionales de Medicina del Deporte - Medicina del Baloncesto,,,,,,,https://archivosdemedicinadeldeporte.com/articulos/upload/2jornadas_femede.pdf,,,,https://archivosdemedicinadeldeporte.com/articulo/es/137/2001/1713/,,,,,,,,,,,,,,,,,,,,,,,
Archivos de Medicina del Deporte,,https://archivosdemedicinadeldeporte.com/en/,2023,,VOLUMEN 36,6,Conclusiones del Grupo Avilés de Medicina del Deporte,,,,,,,https://archivosdemedicinadeldeporte.com/articulos/upload/grupo_aviles.pdf,,,,https://archivosdemedicinadeldeporte.com/articulo/es/138/2001/1725/,,,,,,,,,,,,,,,,,,,,,,,
Archivos de Medicina del Deporte,,https://archivosdemedicinadeldeporte.com/en/,2023,,VOLUMEN 35,1,Efecto del ultrasonido terapéutico en células fibroblásticas in vitro: revisión sistemática,,"Priscila Daniele de Oliveira, Deise Aparecida de Almeida Pires-Oliveira, Larissa Dragonetti Bertin, Stheace Kelly Fernandes Szezerbaty, Rodrigo Franco de Oliveira",,,,,https://archivosdemedicinadeldeporte.com/articulos/upload/rev02_oliveira-ABSTRACT.pdf,,,,https://archivosdemedicinadeldeporte.com/articulo/es/120/2001/1532/,,,,,,,,,,,,,,,,,,,,,,,
Archivos de Medicina del Deporte,,https://archivosdemedicinadeldeporte.com/en/,2023,,VOLUMEN 35,2,Economía de carrera y rendimiento. Esfuerzos de alta y baja intensidad en el entrenamiento y calentamiento. Revisión bibliográfica,,"Fernando González-Mohíno Mayoralas, José F Jiménez Díaz, Daniel Juárez Santos-García, Rubén Barragán Castellanos, Inmaculada Yustres, José Mª González-Ravé",,,,,https://archivosdemedicinadeldeporte.com/articulos/upload/rev2-ABSTRACT.pdf,,,,https://archivosdemedicinadeldeporte.com/articulo/es/121/2001/1547/,,,,,,,,,,,,,,,,,,,,,,,
Archivos de Medicina del Deporte,,https://archivosdemedicinadeldeporte.com/en/,2023,,VOLUMEN 35,3,Recomendaciones para el ejercicio físico en deportistas con cardiopatías familiares (primera parte),,"Aridane Cárdenes León, José Juan García Salvador, Marta López Pérez, Clara Azucena Quintana Casanova, Eduardo Caballero Dorta",,,,,https://archivosdemedicinadeldeporte.com/articulos/upload/rev02_cardenes-ABSTRACT.pdf,,,,https://archivosdemedicinadeldeporte.com/articulo/es/122/2001/1563/,,,,,,,,,,,,,,,,,,,,,,,
Archivos de Medicina del Deporte,,https://archivosdemedicinadeldeporte.com/en/,2023,,VOLUMEN 35,4,Metodología de laboratorio para el estudio histológico del músculo esquelético,,"Fernando Leiva-Cepas, Ignacio Ruz-Caracuel, María A. Peña-Toledo, Antonio Agüera-Vega, Ignacio Jimena, Evelio Luque, José Peña",,,,,https://archivosdemedicinadeldeporte.com/articulos/upload/rev02_leiva-ABSTRACT.pdf,,,,https://archivosdemedicinadeldeporte.com/articulo/es/126/2001/1582/,,,,,,,,,,,,,,,,,,,,,,,
Archivos de Medicina del Deporte,,https://archivosdemedicinadeldeporte.com/en/,2023,,VOLUMEN 35,5,Métodos de evaluación del perfil fuerza-velocidad a través del salto vertical en deportistas: una revisión sistemática,,"Guido Contreras-Diaz, Daniel Jerez-Mayorga, Pedro Delgado-Floody, Leónidas Arias-Poblete",,,,,https://archivosdemedicinadeldeporte.com/articulos/upload/rev02_contreras-ABSTRACT.pdf,,,,https://archivosdemedicinadeldeporte.com/articulo/es/127/2001/1596/,,,,,,,,,,,,,,,,,,,,,,,
Archivos de Medicina del Deporte,,https://archivosdemedicinadeldeporte.com/en/,2023,,VOLUMEN 35,1,Índice de palabras clave / Key words Index,,,,,,,https://archivosdemedicinadeldeporte.com/articulos/upload/Indice_palabras_clave-Key_words_Index.pdf,,,,https://archivosdemedicinadeldeporte.com/articulo/es/132/2001/1643/,,,,,,,,,,,,,,,,,,,,,,,
Archivos de Medicina del Deporte,,https://archivosdemedicinadeldeporte.com/en/,2023,,VOLUMEN 35,2,Contraindicaciones para la práctica deportiva. Documento de consenso de la Sociedad Española de Medicina del Deporte (SEMED-FEMEDE),,"P Manonelles, E Luengo, L Franco, H Álvarez, JR Alvero, M Archanco, R Arriaza, JD Ayala, M Bellver, R Blasco, M Borjesson, D Brotons, J Brugada, A Cárdenes, GM Correa, M Chiacchio, C De Teresa, M Del Valle, V Elías, V Ferrer, BJ Galmés, P García, T G",,,,,https://archivosdemedicinadeldeporte.com/articulos/upload/Contraindicaciones_pract-deporte.pdf,,,,https://archivosdemedicinadeldeporte.com/articulo/es/133/2001/1646/,,,,,,,,,,,,,,,,,,,,,,,
Archivos de Medicina del Deporte,,https://archivosdemedicinadeldeporte.com/en/,2023,,VOLUMEN 35,6,El entrenamiento intermitente específico de alta intensidad en la preparación del jugador de tenis,,"David Suárez Rodríguez, Miguel Del Valle",,,,,https://archivosdemedicinadeldeporte.com/articulos/upload/rev02_suarez-ABSTRACT.pdf,,,,https://archivosdemedicinadeldeporte.com/articulo/es/129/2001/1613/,,,,,,,,,,,,,,,,,,,,,,,
Archivos de Medicina del Deporte,,https://archivosdemedicinadeldeporte.com/en/,2023,,VOLUMEN 34,1,Criterios para el retorno al deporte después de una lesión,,"Tomás F. Fernández Jaén, Pedro Guillén García",,,,,https://archivosdemedicinadeldeporte.com/articulos/upload/rev02_fernandez-ABSTRACT.pdf,,,,https://archivosdemedicinadeldeporte.com/articulo/es/113/2001/1440/,,,,,,,,,,,,,,,,,,,,,,,
Archivos de Medicina del Deporte,,https://archivosdemedicinadeldeporte.com/en/,2023,,VOLUMEN 34,2,Revisión sobre aspectos genéricos acerca de la actividad física adaptada en la persona con lesión medular,,"Miguel Á. Capó-Juan, Miguel Bennasar-Veny, Antonio Aguiló-Pons, Joan E. de Pedro-Gómez",,,,,https://archivosdemedicinadeldeporte.com/articulos/upload/rev02_capo-ABSTRACT.pdf,,,,https://archivosdemedicinadeldeporte.com/articulo/es/114/2001/1455/,,,,,,,,,,,,,,,,,,,,,,,
Archivos de Medicina del Deporte,,https://archivosdemedicinadeldeporte.com/en/,2023,,VOLUMEN 34,3,Abordaje del síncope relacionado con el deporte,,"Aridane Cárdenes León, José Juan García Salvador, Clara A. Quintana Casanova, Alfonso Medina Fernández Aceytuno",,,,,https://archivosdemedicinadeldeporte.com/articulos/upload/179_rev02_cardenes-castellano_ABSTRACT.pdf,,,,https://archivosdemedicinadeldeporte.com/articulo/es/115/2001/1470/,,,,,,,,,,,,,,,,,,,,,,,
Archivos de Medicina del Deporte,,https://archivosdemedicinadeldeporte.com/en/,2023,,VOLUMEN 34,4,Prevención de la muerte súbita por miocardiopatía arritmogénica del ventrículo derecho en deportistas,,"Franc Peris, José Poveda, Diego Oliver, Luis Franco, Francisco J. Rubio, Alfredo Valero",,,,,https://archivosdemedicinadeldeporte.com/articulos/upload/rev02_peris_ABSTRACT.pdf,,,,https://archivosdemedicinadeldeporte.com/articulo/es/116/2001/1484/,,,,,,,,,,,,,,,,,,,,,,,
Archivos de Medicina del Deporte,,https://archivosdemedicinadeldeporte.com/en/,2023,,VOLUMEN 34,5,Respirar en altitudes extremas. Proyectos científicos ?€SEVEREST?€? (Primera parte),,"Eduardo Garrido, Oriol Sibila, Ginés Viscor",,,,,https://archivosdemedicinadeldeporte.com/articulos/upload/181_revision_garrido-castellano-ABSTRACT.pdf,,,,https://archivosdemedicinadeldeporte.com/articulo/es/118/2001/1498/,,,,,,,,,,,,,,,,,,,,,,,
Archivos de Medicina del Deporte,,https://archivosdemedicinadeldeporte.com/en/,2023,,VOLUMEN 34,1,Reconocimientos médicos para la aptitud deportiva. Documento de consenso de la Sociedad Española de Medicina del Deporte (SEMED-FEMEDE),,"Pedro Manonelles Marqueta, Luis Franco Bonafonte, José Ramón Alvero Cruz, Javier Alejandro Amestoy, Andreu Arquer Porcell, Rafael Arriaza Loureda, Montserrat Bellver Vives, Mats Borjesson, Daniel Brotons Cuixart, Josep Brugada Terradellas, José Calabui",,,,,https://archivosdemedicinadeldeporte.com/articulos/upload/Consenso_recos.pdf,,,,https://archivosdemedicinadeldeporte.com/articulo/es/125/2001/1567/,,,,,,,,,,,,,,,,,,,,,,,
Archivos de Medicina del Deporte,,https://archivosdemedicinadeldeporte.com/en/,2023,,VOLUMEN 34,6,Actualización en el manejo de las congelaciones,,"Anna Carceller, Manuel Avellanas, Javier Botella, Casimiro Javierre, Ginés Viscor",,,,,https://archivosdemedicinadeldeporte.com/articulos/upload/rev2_Carceller-ABSTRACT.pdf,,,,https://archivosdemedicinadeldeporte.com/articulo/es/119/2001/1518/,,,,,,,,,,,,,,,,,,,,,,,
Archivos de Medicina del Deporte,,https://archivosdemedicinadeldeporte.com/en/,2023,,VOLUMEN 33,1,Eficacia de los ejercicios excéntricos en tendinopatías rotulianas. Revisión bibliográfica,,Juan José Gómez Díaz,,,,,https://archivosdemedicinadeldeporte.com/articulos/upload/rev2_Gomez_ABSTRACT.pdf,,,,https://archivosdemedicinadeldeporte.com/articulo/es/107/2001/1329/,,,,,,,,,,,,,,,,,,,,,,,
Archivos de Medicina del Deporte,,https://archivosdemedicinadeldeporte.com/en/,2023,,VOLUMEN 33,2,Recomendaciones para la actividad deportiva en atletas con cardiopatías congénitas en el adulto,,"Aridane Cárdenes León, José Juan García Salvador, Clara A. Quintana Casanova, Alfonso Medina Fernández Aceytuno",,,,,https://archivosdemedicinadeldeporte.com/articulos/upload/rev1_cardenes_ABSTRACT.pdf,,,,https://archivosdemedicinadeldeporte.com/articulo/es/108/2001/1346/,,,,,,,,,,,,,,,,,,,,,,,
Archivos de Medicina del Deporte,,https://archivosdemedicinadeldeporte.com/en/,2023,,VOLUMEN 33,3,La cafeína y su efecto ergogénico en el deporte (primera parte),,Antonio García Moreno,,,,,https://archivosdemedicinadeldeporte.com/articulos/upload/rev02_moreno-abstract.pdf,,,,https://archivosdemedicinadeldeporte.com/articulo/es/109/2001/1364/,,,,,,,,,,,,,,,,,,,,,,,
Archivos de Medicina del Deporte,,https://archivosdemedicinadeldeporte.com/en/,2023,,VOLUMEN 33,4,Efecto de la fatiga en el ratio isquiotibiales: cuádriceps. Revisión sistemática,,"Juan P. Martín Martínez, Jorge Pérez Gómez, Jorge Carlos Vivas",,,,,https://archivosdemedicinadeldeporte.com/articulos/upload/rev02_martin_ABSTRACT.pdf,,,,https://archivosdemedicinadeldeporte.com/articulo/es/110/2001/1381/,,,,,,,,,,,,,,,,,,,,,,,
Archivos de Medicina del Deporte,,https://archivosdemedicinadeldeporte.com/en/,2023,,VOLUMEN 33,5,Efecto de la resistencia variable sobre la potenciación post activación: una revisión sistemática,,"Álvaro C. Huerta Ojeda, Luis J. Chirosa Ríos, Rafael Guisado Barrilao, Ignacio J. Chirosa Ríos, Pablo A. Cáceres Serrano",,,,,https://archivosdemedicinadeldeporte.com/articulos/upload/rev02_huerta-ABSTRACT.pdf,,,,https://archivosdemedicinadeldeporte.com/articulo/es/111/2001/1396/,,,,,,,,,,,,,,,,,,,,,,,
Archivos de Medicina del Deporte,,https://archivosdemedicinadeldeporte.com/en/,2023,,VOLUMEN 33,1,Pruebas de esfuerzo en medicina del deporte. Documento de consenso de la Sociedad Española de Medicina del Deporte (SEMED-FEMEDE),,"Pedro Manonelles Marqueta, Luis Franco Bonafonte, José Naranjo Orellana, Daniel Brotons Cuixart, José Calabuig Nogués, Carmen Calderón Soto, Carlos De Teresa Galván, Miguel Del Valle Soto, Vicente Elías Ruiz, Mercedes Galindo Canales, Piero Galilea",,"The stress tests (ST) in Sports Medicine (SM) constitute one of the fundamental contents of a specialty that has as main object the sportsman, healthy or with some type of pathology, and that centers a great part of its activity in the evaluation of the consequences that the exercise has on the organism.",,,https://archivosdemedicinadeldeporte.com/articulos/upload/Consenso_PE.pdf,,,,https://archivosdemedicinadeldeporte.com/articulo/es/123/2001/1564/,,,,,,,,,,,,,,,,,,,,,,,
Archivos de Medicina del Deporte,,https://archivosdemedicinadeldeporte.com/en/,2023,,VOLUMEN 33,2,Deporte recreacional saludable. Documento de consenso de la Sociedad Española de Medicina del Deporte (SEMED-FEMEDE),,"Manonelles Marqueta Pedro, De Teresa Galván Carlos, Alacid Cárceles Fernando, Álvarez Medina Javier, Del Valle Soto Miguel, Gaztañaga Aurrekoetxea Teresa, Gondra del Río Juan, Luengo Fernández Emilio, Martínez Romero José Luis, Palacios Gil-Antuñ",,,,,https://archivosdemedicinadeldeporte.com/articulos/upload/Cons_Dep_recre_salud.pdf,,,,https://archivosdemedicinadeldeporte.com/articulo/es/124/2001/1565/,,,,,,,,,,,,,,,,,,,,,,,
Archivos de Medicina del Deporte,,https://archivosdemedicinadeldeporte.com/en/,2023,,VOLUMEN 33,6,Marcadores bioquímicos relevantes del proceso de recuperación en futbol,,"Diego Marqués-Jiménez, Julio Calleja-González, Iñaki Arratibel, Nicolás Terrados",,,,,https://archivosdemedicinadeldeporte.com/articulos/upload/rev02_marques-ABSTRACT.pdf,,,,https://archivosdemedicinadeldeporte.com/articulo/es/112/2001/1419/,,,,,,,,,,,,,,,,,,,,,,,
Archivos de Medicina del Deporte,,https://archivosdemedicinadeldeporte.com/en/,2023,,VOLUMEN 32,1,"La fatiga muscular en los deportistas: métodos físicos, nutricionales y farmacológicos para combatirla",,"Aritz Urdampilleta, Ivan Armentia, Saioa Gómez-Zorita, José M. Martínez-Sanz, Juan Mielgo-Ayuso",,,,,https://archivosdemedicinadeldeporte.com/articulos/upload/165_rev02_summary.pdf,,,,https://archivosdemedicinadeldeporte.com/articulo/es/97/2001/1180/,,,,,,,,,,,,,,,,,,,,,,,
Archivos de Medicina del Deporte,,https://archivosdemedicinadeldeporte.com/en/,2023,,VOLUMEN 32,2,"La actividad física, la educación física y la condición física pueden estar relacionadas con el rendimiento académico y cognitivo en jóvenes. Revisión sistemática",,"Miguel A. Conde, Pablo Tercedor",,,,,https://archivosdemedicinadeldeporte.com/articulos/upload/166_rev02_summary.pdf,,,,https://archivosdemedicinadeldeporte.com/articulo/es/100/2001/1216/,,,,,,,,,,,,,,,,,,,,,,,
Archivos de Medicina del Deporte,,https://archivosdemedicinadeldeporte.com/en/,2023,,VOLUMEN 32,3,Cartas al Director - Letters to Director,,,,,,,https://archivosdemedicinadeldeporte.com/articulos/upload/cartas_al_director_167.pdf,,,,https://archivosdemedicinadeldeporte.com/articulo/es/102/2001/1270/,,,,,,,,,,,,,,,,,,,,,,,
Archivos de Medicina del Deporte,,https://archivosdemedicinadeldeporte.com/en/,2023,,VOLUMEN 32,4,Utilidad de la ultrasonografía en el diagnóstico de dolor de codo secundario a plica sinovial,,"Ana B. Puentes-Gutiérrez, Rebeca Puentes-Gutiérrez, Andrés Barriga-Martín, José L. Martínez Romero, Antonio Bouffard, Fernando Jiménez Díaz",,,,,https://archivosdemedicinadeldeporte.com/articulos/upload/or04_gutierrez-SUMMARY.pdf,,,,https://archivosdemedicinadeldeporte.com/articulo/es/103/2001/1281/,,,,,,,,,,,,,,,,,,,,,,,
Archivos de Medicina del Deporte,,https://archivosdemedicinadeldeporte.com/en/,2023,,VOLUMEN 32,5,Recomendaciones para un deporte recreacional saludable. Guía para práctica deportiva recreacional de la Sociedad Española de Medicina del Deporte (SEMED-FEMEDE),,"Pedro Manonelles Marqueta, Fernando Alacid Cárceles, Javier Álvarez Medina, Carlos De Teresa Galván, Miguel del Valle Soto, Teresa Gaztañaga Aurrekoetxea, Juan Gondra del Río, Emilio Luengo Fernández, José Luis Martínez Romero, José Naranjo Orell",,,,,https://archivosdemedicinadeldeporte.com/articulos/upload/or01_Manonelles.pdf,,,,https://archivosdemedicinadeldeporte.com/articulo/es/104/2001/1290/,,,,,,,,,,,,,,,,,,,,,,,
Archivos de Medicina del Deporte,,https://archivosdemedicinadeldeporte.com/en/,2023,,VOLUMEN 32,6,Metodología de determinación de la transición aeróbica-anaeróbica en la evaluación funcional,,"Raúl Domínguez, Manuel V Garnacho-Castaño, José L Maté-Muñoz",,,,,https://archivosdemedicinadeldeporte.com/articulos/upload/rev2_dominguez_ABSTRACT.PDF,,,,https://archivosdemedicinadeldeporte.com/articulo/es/105/2001/1311/,,,,,,,,,,,,,,,,,,,,,,,
Archivos de Medicina del Deporte,,https://archivosdemedicinadeldeporte.com/en/,2023,,VOLUMEN 31,1,Josep Elias i Juncosa (1880 ?€“ 1944) ?€SCorredisses?€? (Carrerillas),,R. Balius i Juli,,,,,https://archivosdemedicinadeldeporte.com/articulos/upload/arte_159.pdf,,,,https://archivosdemedicinadeldeporte.com/articulo/es/40/2001/372/,,,,,,,,,,,,,,,,,,,,,,,
Archivos de Medicina del Deporte,,https://archivosdemedicinadeldeporte.com/en/,2023,,VOLUMEN 31,2,Color y dinamismo en las pinturas deportivas de LeRoy Neiman,,R. Balius i Juli,,,,,https://archivosdemedicinadeldeporte.com/articulos/upload/arte_160.pdf,,,,https://archivosdemedicinadeldeporte.com/articulo/es/41/2001/384/,,,,,,,,,,,,,,,,,,,,,,,
Archivos de Medicina del Deporte,,https://archivosdemedicinadeldeporte.com/en/,2023,,VOLUMEN 31,3,Los ?€Storsos olímpicos?€? de Berrocal,,R. Balius i Juli,,,,,https://archivosdemedicinadeldeporte.com/articulos/upload/21_Arte_161.pdf,,,,https://archivosdemedicinadeldeporte.com/articulo/es/44/2001/447/,,,,,,,,,,,,,,,,,,,,,,,
Archivos de Medicina del Deporte,,https://archivosdemedicinadeldeporte.com/en/,2023,,VOLUMEN 31,4,Vejaciones ?€“ Maratón musical,,R. Balius i Juli,,,,,https://archivosdemedicinadeldeporte.com/articulos/upload/arte162.pdf,,,,https://archivosdemedicinadeldeporte.com/articulo/es/47/2001/502/,,,,,,,,,,,,,,,,,,,,,,,
Archivos de Medicina del Deporte,,https://archivosdemedicinadeldeporte.com/en/,2023,,VOLUMEN 31,5,Obituario Profesor Bengt Saltin,,,,,,,https://archivosdemedicinadeldeporte.com/articulos/upload/OBITUARIO_163.pdf,,,,https://archivosdemedicinadeldeporte.com/articulo/es/95/2001/1150/,,,,,,,,,,,,,,,,,,,,,,,
Archivos de Medicina del Deporte,,https://archivosdemedicinadeldeporte.com/en/,2023,,VOLUMEN 31,6,Cómo habría creado Leonardo da Vinci una pelota de fútbol,,R. Balius i Juli,,,,,https://archivosdemedicinadeldeporte.com/articulos/upload/arte_164.pdf,,,,https://archivosdemedicinadeldeporte.com/articulo/es/96/2001/1167/,,,,,,,,,,,,,,,,,,,,,,,
Archivos de Medicina del Deporte,,https://archivosdemedicinadeldeporte.com/en/,2023,,VOLUMEN 30,1,Un deportista llamado Pau Casals (1876 - 1973),,R. Balius i Juli,,,,,https://archivosdemedicinadeldeporte.com/articulos/upload/Arte_estadio_153.pdf,,,,https://archivosdemedicinadeldeporte.com/articulo/es/23/2001/169/,,,,,,,,,,,,,,,,,,,,,,,
Archivos de Medicina del Deporte,,https://archivosdemedicinadeldeporte.com/en/,2023,,VOLUMEN 30,2,"Arthur Cravan, el boxeador poeta",,R. Balius i Juli,,,,,https://archivosdemedicinadeldeporte.com/articulos/upload/Arte_estadio_154.pdf,,,,https://archivosdemedicinadeldeporte.com/articulo/es/22/2001/156/,,,,,,,,,,,,,,,,,,,,,,,
Archivos de Medicina del Deporte,,https://archivosdemedicinadeldeporte.com/en/,2023,,VOLUMEN 30,3,Pere Roca ?€Sel boxeador literato?€?,,R. Balius i Juli,,,,,https://archivosdemedicinadeldeporte.com/articulos/upload/Arte_estadio_155.pdf,,,,https://archivosdemedicinadeldeporte.com/articulo/es/18/2001/142/,,,,,,,,,,,,,,,,,,,,,,,
Archivos de Medicina del Deporte,,https://archivosdemedicinadeldeporte.com/en/,2023,,VOLUMEN 30,4,Los collages deportivos de Jens Ullrich,,R. Balius i Juli,,,,,https://archivosdemedicinadeldeporte.com/articulos/upload/arte156.pdf,,,,https://archivosdemedicinadeldeporte.com/articulo/es/31/2001/271/,,,,,,,,,,,,,,,,,,,,,,,
Archivos de Medicina del Deporte,,https://archivosdemedicinadeldeporte.com/en/,2023,,VOLUMEN 30,5,"Luci Minici Natal, primer campeón olímpico catalán",,R. Balius i Juli,,,,,https://archivosdemedicinadeldeporte.com/articulos/upload/arte_157.pdf,,,,https://archivosdemedicinadeldeporte.com/articulo/es/38/2001/342/,,,,,,,,,,,,,,,,,,,,,,,
Archivos de Medicina del Deporte,,https://archivosdemedicinadeldeporte.com/en/,2023,,VOLUMEN 30,6,Notas actuales sobre Luci Minici Natal,,R. Balius i Juli,,,,,https://archivosdemedicinadeldeporte.com/articulos/upload/arte158.pdf,,,,https://archivosdemedicinadeldeporte.com/articulo/es/39/2001/360/,,,,,,,,,,,,,,,,,,,,,,,
Archivos de Medicina del Deporte,,https://archivosdemedicinadeldeporte.com/en/,2023,,VOLUMEN 19,1,Conpromiso deportivo de una ceramista genial,,Ramón Balius i Juli,,,,,https://archivosdemedicinadeldeporte.com/articulos/upload/Arte_estadio_147.pdf,,,,https://archivosdemedicinadeldeporte.com/articulo/es/25/2001/196/,,,,,,,,,,,,,,,,,,,,,,,
Archivos de Medicina del Deporte,,https://archivosdemedicinadeldeporte.com/en/,2023,,VOLUMEN 19,2,"Salomé de Cambra, pintora innata recién descubierta",,Ramón Balius i Juli,,,,,https://archivosdemedicinadeldeporte.com/articulos/upload/El_arte_en_el_estadio_148.pdf,,,,https://archivosdemedicinadeldeporte.com/articulo/es/21/2001/89/,,,,,,,,,,,,,,,,,,,,,,,
Archivos de Medicina del Deporte,,https://archivosdemedicinadeldeporte.com/en/,2023,,VOLUMEN 19,3,Arte y olimpismo,,Ramón Balius i Juli,,,,,https://archivosdemedicinadeldeporte.com/articulos/upload/El_arte_en_el_estadio_149.pdf,,,,https://archivosdemedicinadeldeporte.com/articulo/es/15/2001/43/,,,,,,,,,,,,,,,,,,,,,,,
Archivos de Medicina del Deporte,,https://archivosdemedicinadeldeporte.com/en/,2023,,VOLUMEN 19,4,"El centenario de la ""Volta""",,R. Balius i Juli,,,,,https://archivosdemedicinadeldeporte.com/articulos/upload/El_arte_en_el_estadio_150.pdf,,,,https://archivosdemedicinadeldeporte.com/articulo/es/16/2001/123/,,,,,,,,,,,,,,,,,,,,,,,
Archivos de Medicina del Deporte,,https://archivosdemedicinadeldeporte.com/en/,2023,,VOLUMEN 19,5,Póster - Nutrición y ayudas ergogénicas,,,,,,,https://archivosdemedicinadeldeporte.com/articulos/upload/9_POSTER_nutricion_y_ayudas.pdf,,,,https://archivosdemedicinadeldeporte.com/articulo/es/14/2001/1231/,,,,,,,,,,,,,,,,,,,,,,,
Archivos de Medicina del Deporte,,https://archivosdemedicinadeldeporte.com/en/,2023,,VOLUMEN 19,,AYUDAS ERGOG?‰NICAS NUTRICIONALES PARA LAS PERSONAS QUE REALIZAN EJERCICIO FÍSICO - Documento de Consenso de la Federación Española de Medicina del Deporte (FEMEDE),,"Nieves Palacios Gil de Antuñano, Pedro Manonelles Marqueta (Coordinadores), Raquel Blasco Redondo, Luis Franco Bonafonte, Teresa Gaztañaga Aurrekoetxea, Begoña Manuz González, José Antonio Villegas García. Grupo de Trabajo sobre nutrición en el dep",,,,,https://archivosdemedicinadeldeporte.com/articulos/upload/ayudas_ergogenicas_supl-1_2012.pdf,,,,https://archivosdemedicinadeldeporte.com/articulo/es/117/2001/1486/,,,,,,,,,,,,,,,,,,,,,,,
Archivos de Medicina del Deporte,,https://archivosdemedicinadeldeporte.com/en/,2023,,VOLUMEN 19,6,Los pitufos deportistas,,R. Balius i Juli,,,,,https://archivosdemedicinadeldeporte.com/articulos/upload/El_arte_en_el_estadio_152.pdf,,,,https://archivosdemedicinadeldeporte.com/articulo/es/24/2001/184/,,,,,,,,,,,,,,,,,,,,,,,
Archivos de Medicina del Deporte,,https://archivosdemedicinadeldeporte.com/en/,2023,,,,Estela Benavides tenista de élite y pintora naif,,R. Balius i Juli,,,,,https://archivosdemedicinadeldeporte.com/articulos/upload/Arte_estadio_62_141.pdf,,,,https://archivosdemedicinadeldeporte.com/articulo/es/19/2001/56/,,,,,,,,,,,,,,,,,,,,,,,
Archivos de Medicina del Deporte,,https://archivosdemedicinadeldeporte.com/en/,2023,,VOLUMEN 18,2,Balones de Arena,,R. Balius i Juli,,,,,https://archivosdemedicinadeldeporte.com/articulos/upload/Arte_estadio_142.pdf,,,,https://archivosdemedicinadeldeporte.com/articulo/es/29/2001/245/,,,,,,,,,,,,,,,,,,,,,,,
Archivos de Medicina del Deporte,,https://archivosdemedicinadeldeporte.com/en/,2023,,VOLUMEN 18,3,"Eduardo Chillida, del fútbol al arte geniel y único",,R. Balius i Juli,,,,,https://archivosdemedicinadeldeporte.com/articulos/upload/Rincon_de_la_imagen_143.pdf,,,,https://archivosdemedicinadeldeporte.com/articulo/es/28/2001/233/,,,,,,,,,,,,,,,,,,,,,,,
Archivos de Medicina del Deporte,,https://archivosdemedicinadeldeporte.com/en/,2023,,VOLUMEN 18,4,"Eduardo Chillida, del tútbol al arte genial y único",,Ramón Balius i Juli,,,,,https://archivosdemedicinadeldeporte.com/articulos/upload/Arte_estadio_144.pdf,,,,https://archivosdemedicinadeldeporte.com/articulo/es/27/2001/221/,,,,,,,,,,,,,,,,,,,,,,,
Archivos de Medicina del Deporte,,https://archivosdemedicinadeldeporte.com/en/,2023,,VOLUMEN 18,5,Alfons Serrahima orfebre y joyero del deporte,,R. Balius i Juli,,,,,https://archivosdemedicinadeldeporte.com/articulos/upload/Arte_estadio_145.pdf,,,,https://archivosdemedicinadeldeporte.com/articulo/es/42/2001/403/,,,,,,,,,,,,,,,,,,,,,,,
Archivos de Medicina del Deporte,,https://archivosdemedicinadeldeporte.com/en/,2023,,VOLUMEN 18,6,Humor deportivo novecentista alemán,,Ramón Balius i Juli,,,,,https://archivosdemedicinadeldeporte.com/articulos/upload/Arte_estadio_146.pdf,,,,https://archivosdemedicinadeldeporte.com/articulo/es/26/2001/209/,,,,,,,,,,,,,,,,,,,,,,,
Archivos de Medicina del Deporte,,https://archivosdemedicinadeldeporte.com/en/,2023,,VOLUMEN 17,1,La pintura sin pinceles de Josep Domènech,,Ramón Balius i Juli,,,,,https://archivosdemedicinadeldeporte.com/articulos/upload/Arte_estadio_59_135.pdf,,,,https://archivosdemedicinadeldeporte.com/articulo/es/33/2001/296/,,,,,,,,,,,,,,,,,,,,,,,
Archivos de Medicina del Deporte,,https://archivosdemedicinadeldeporte.com/en/,2023,,VOLUMEN 17,2,Francisco Pérez Mateo un escultor ocultado e ignorado,,R. Balius i Juli,,,,,https://archivosdemedicinadeldeporte.com/articulos/upload/Arte_estadio_154_136.pdf,,,,https://archivosdemedicinadeldeporte.com/articulo/es/45/2001/460/,,,,,,,,,,,,,,,,,,,,,,,
Archivos de Medicina del Deporte,,https://archivosdemedicinadeldeporte.com/en/,2023,,VOLUMEN 17,3,La caza en la Edad Media. Miniaturas del Codex Manesse,,R. Balius i Juli,,,,,https://archivosdemedicinadeldeporte.com/articulos/upload/Arte_estadio_137.pdf,,,,https://archivosdemedicinadeldeporte.com/articulo/es/32/2001/284/,,,,,,,,,,,,,,,,,,,,,,,
Archivos de Medicina del Deporte,,https://archivosdemedicinadeldeporte.com/en/,2023,,VOLUMEN 17,4,Deporte realista en la obra de Thomas Eakins,,Ramón Balius i Juli,,,,,https://archivosdemedicinadeldeporte.com/articulos/upload/Arte_estadio_138.pdf,,,,https://archivosdemedicinadeldeporte.com/articulo/es/30/2001/256/,,,,,,,,,,,,,,,,,,,,,,,
Archivos de Medicina del Deporte,,https://archivosdemedicinadeldeporte.com/en/,2023,,VOLUMEN 17,5,Código ético en Medicina del Deporte de la Federación Española de Medicina del Deporte,,Federación Española de Medicina del Deporte,,,,,https://archivosdemedicinadeldeporte.com/articulos/upload/Codigo_etico_347_139.pdf,,,,https://archivosdemedicinadeldeporte.com/articulo/es/43/2001/408/,,,,,,,,,,,,,,,,,,,,,,,
Archivos de Medicina del Deporte,,https://archivosdemedicinadeldeporte.com/en/,2023,,VOLUMEN 17,6,"Hans Erni, un artista suizo polifacético",,R. Balius i Juli,,,,,https://archivosdemedicinadeldeporte.com/articulos/upload/El+arte_en_el_estadio_140.pdf,,,,https://archivosdemedicinadeldeporte.com/articulo/es/20/2001/74/,,,,,,,,,,,,,,,,,,,,,,,
Archivos de Medicina del Deporte,,https://archivosdemedicinadeldeporte.com/en/,2023,,VOLUMEN 16,1,"Norman Rockwell, dibujante del pueblo norteamericano",,R. Balius i Juli,,,,,https://archivosdemedicinadeldeporte.com/articulos/upload/Arte_estadio_129.pdf,,,,https://archivosdemedicinadeldeporte.com/articulo/es/51/2001/552/,,,,,,,,,,,,,,,,,,,,,,,
Archivos de Medicina del Deporte,,https://archivosdemedicinadeldeporte.com/en/,2023,,VOLUMEN 16,2,Grabados deportivos al boj,,R. Balius i Juli,,,,,https://archivosdemedicinadeldeporte.com/articulos/upload/arte_estadio_130.pdf,,,,https://archivosdemedicinadeldeporte.com/articulo/es/50/2001/540/,,,,,,,,,,,,,,,,,,,,,,,
Archivos de Medicina del Deporte,,https://archivosdemedicinadeldeporte.com/en/,2023,,VOLUMEN 16,3,Recordando el 92',,R. Balius i Juli,,,,,https://archivosdemedicinadeldeporte.com/articulos/upload/Arte_estadio_238_131.pdf,,,,https://archivosdemedicinadeldeporte.com/articulo/es/49/2001/529/,,,,,,,,,,,,,,,,,,,,,,,
Archivos de Medicina del Deporte,,https://archivosdemedicinadeldeporte.com/en/,2023,,VOLUMEN 16,4,Dibujos de humor deportivo de una ilustradora,,R. Balius i Juli,,,,,https://archivosdemedicinadeldeporte.com/articulos/upload/Arte_estadio_306_132.pdf,,,,https://archivosdemedicinadeldeporte.com/articulo/es/48/2001/514/,,,,,,,,,,,,,,,,,,,,,,,
Archivos de Medicina del Deporte,,https://archivosdemedicinadeldeporte.com/en/,2023,,VOLUMEN 16,5,"Honoré Daumier, genio de la caricatura",,R. Balius i Juli,,,,,https://archivosdemedicinadeldeporte.com/articulos/upload/Arte_estadio_397_133.pdf,,,,https://archivosdemedicinadeldeporte.com/articulo/es/46/2001/474/,,,,,,,,,,,,,,,,,,,,,,,
Archivos de Medicina del Deporte,,https://archivosdemedicinadeldeporte.com/en/,2023,,VOLUMEN 16,6,Un pintor llamado Joan Navés,,R. Balius i Juli,,,,,https://archivosdemedicinadeldeporte.com/articulos/upload/Arte_estadio_460_134.pdf,,,,https://archivosdemedicinadeldeporte.com/articulo/es/34/2001/487/,,,,,,,,,,,,,,,,,,,,,,,
Archivos de Medicina del Deporte,,https://archivosdemedicinadeldeporte.com/en/,2023,,VOLUMEN 15,1,Arte deportivo monumental,,R. Balius i Juli,,,,,https://archivosdemedicinadeldeporte.com/articulos/upload/arte_estadio_123.pdf,,,,https://archivosdemedicinadeldeporte.com/articulo/es/57/2001/623/,,,,,,,,,,,,,,,,,,,,,,,
Archivos de Medicina del Deporte,,https://archivosdemedicinadeldeporte.com/en/,2023,,VOLUMEN 15,2,Esculturas ortopédicas,,R. Balius i Juli,,,,,https://archivosdemedicinadeldeporte.com/articulos/upload/arte_estadio_124.pdf,,,,https://archivosdemedicinadeldeporte.com/articulo/es/56/2001/611/,,,,,,,,,,,,,,,,,,,,,,,
Archivos de Medicina del Deporte,,https://archivosdemedicinadeldeporte.com/en/,2023,,VOLUMEN 15,3,La antropología en el deporte,,R. Balius i Juli,,,,,https://archivosdemedicinadeldeporte.com/articulos/upload/arte_estadio_125.pdf,,,,https://archivosdemedicinadeldeporte.com/articulo/es/55/2001/599/,,,,,,,,,,,,,,,,,,,,,,,
Archivos de Medicina del Deporte,,https://archivosdemedicinadeldeporte.com/en/,2023,,VOLUMEN 15,4,Color y dinamismo en la obra Kyriacos Lazarides,,R. Balius i Juli,,,,,https://archivosdemedicinadeldeporte.com/articulos/upload/arte_estadio_126.pdf,,,,https://archivosdemedicinadeldeporte.com/articulo/es/54/2001/587/,,,,,,,,,,,,,,,,,,,,,,,
Archivos de Medicina del Deporte,,https://archivosdemedicinadeldeporte.com/en/,2023,,VOLUMEN 15,5,Lluís Montané y el mar,,R. Balius i Juli,,,,,https://archivosdemedicinadeldeporte.com/articulos/upload/arte_estadio_127.pdf,,,,https://archivosdemedicinadeldeporte.com/articulo/es/53/2001/575/,,,,,,,,,,,,,,,,,,,,,,,
Archivos de Medicina del Deporte,,https://archivosdemedicinadeldeporte.com/en/,2023,,VOLUMEN 15,6,,,,,,,,https://archivosdemedicinadeldeporte.com/articulos/upload/comunicaciones_posters_515_128.pdf,,,,https://archivosdemedicinadeldeporte.com/articulo/es/52/2001/563/,,,,,,,,,,,,,,,,,,,,,,,
Archivos de Medicina del Deporte,,https://archivosdemedicinadeldeporte.com/en/,2023,,VOLUMEN 24,1,Joan Brossa y el anti-fútbol,,R. Balius i Juli,,,,,https://archivosdemedicinadeldeporte.com/articulos/upload/Arte_estadio_117.pdf,,,,https://archivosdemedicinadeldeporte.com/articulo/es/63/2001/707/,,,,,,,,,,,,,,,,,,,,,,,
Archivos de Medicina del Deporte,,https://archivosdemedicinadeldeporte.com/en/,2023,,VOLUMEN 24,2,Moda y Deporte,,R. Balius i Juli,,,,,https://archivosdemedicinadeldeporte.com/articulos/upload/Arte_estadio_118.pdf,,,,https://archivosdemedicinadeldeporte.com/articulo/es/62/2001/690/,,,,,,,,,,,,,,,,,,,,,,,
Archivos de Medicina del Deporte,,https://archivosdemedicinadeldeporte.com/en/,2023,,VOLUMEN 14,3,Fluorosis y deporte. A propósito de un caso,,Juan José Arana Ochoa,,,,,https://archivosdemedicinadeldeporte.com/articulos/upload/Caso_clinico_fluorosis_119.pdf,,,,https://archivosdemedicinadeldeporte.com/articulo/es/61/2001/676/,,,,,,,,,,,,,,,,,,,,,,,
Archivos de Medicina del Deporte,,https://archivosdemedicinadeldeporte.com/en/,2023,,VOLUMEN 15,4,Joan Brossa y el anti-fútbol,,R. Balius i Juli,,,,,https://archivosdemedicinadeldeporte.com/articulos/upload/Arte_estadio_120.pdf,,,,https://archivosdemedicinadeldeporte.com/articulo/es/60/2001/664/,,,,,,,,,,,,,,,,,,,,,,,
Archivos de Medicina del Deporte,,https://archivosdemedicinadeldeporte.com/en/,2023,,VOLUMEN 24,5,Comunicaciones salud y actividad física,,,,,,,https://archivosdemedicinadeldeporte.com/articulos/upload/8-Salud_actividad_fisica_401_121.pdf,,,,https://archivosdemedicinadeldeporte.com/articulo/es/59/2001/650/,,,,,,,,,,,,,,,,,,,,,,,
Archivos de Medicina del Deporte,,https://archivosdemedicinadeldeporte.com/en/,2023,,VOLUMEN 24,6,Moda y deporte,,R. Balius i Juli,,,,,https://archivosdemedicinadeldeporte.com/articulos/upload/Arte_estadio_122.pdf,,,,https://archivosdemedicinadeldeporte.com/articulo/es/58/2001/634/,,,,,,,,,,,,,,,,,,,,,,,
Archivos de Medicina del Deporte,,https://archivosdemedicinadeldeporte.com/en/,2023,,VOLUMEN 23,1,Eduardo Arranz-Bravo y su visión del deporte,,R. Balius i Juli,,,,,https://archivosdemedicinadeldeporte.com/articulos/upload/Arte_estadio_111.pdf,,,,https://archivosdemedicinadeldeporte.com/articulo/es/69/2001/784/,,,,,,,,,,,,,,,,,,,,,,,
Archivos de Medicina del Deporte,,https://archivosdemedicinadeldeporte.com/en/,2023,,VOLUMEN 23,2,Deportistas de formas exuberantes,,R. Balius i Juli,,,,,https://archivosdemedicinadeldeporte.com/articulos/upload/Arte_estadio_112.pdf,,,,https://archivosdemedicinadeldeporte.com/articulo/es/68/2001/773/,,,,,,,,,,,,,,,,,,,,,,,
Archivos de Medicina del Deporte,,https://archivosdemedicinadeldeporte.com/en/,2023,,VOLUMEN 23,3,Los buceadores y las bicicletas de Fernand Léger,,R. Balius i Juli,,,,,https://archivosdemedicinadeldeporte.com/articulos/upload/Arte_estadio_113.pdf,,,,https://archivosdemedicinadeldeporte.com/articulo/es/67/2001/761/,,,,,,,,,,,,,,,,,,,,,,,
Archivos de Medicina del Deporte,,https://archivosdemedicinadeldeporte.com/en/,2023,,VOLUMEN 23,4,La capilla de los deportistas,,R. Balius i Juli,,,,,https://archivosdemedicinadeldeporte.com/articulos/upload/Arte_estadio_114.pdf,,,,https://archivosdemedicinadeldeporte.com/articulo/es/66/2001/749/,,,,,,,,,,,,,,,,,,,,,,,
Archivos de Medicina del Deporte,,https://archivosdemedicinadeldeporte.com/en/,2023,,VOLUMEN 23,5,Ángel Uranga. La velocidad en la pintura,,R. Balius i Juli,,,,,https://archivosdemedicinadeldeporte.com/articulos/upload/Arte_estadio_115.pdf,,,,https://archivosdemedicinadeldeporte.com/articulo/es/65/2001/734/,,,,,,,,,,,,,,,,,,,,,,,
Archivos de Medicina del Deporte,,https://archivosdemedicinadeldeporte.com/en/,2023,,VOLUMEN 23,6,El arte de un gimnasta,,R. Balius i Juli,,,,,https://archivosdemedicinadeldeporte.com/articulos/upload/Arte_estadio_116.pdf,,,,https://archivosdemedicinadeldeporte.com/articulo/es/64/2001/721/,,,,,,,,,,,,,,,,,,,,,,,
Archivos de Medicina del Deporte,,https://archivosdemedicinadeldeporte.com/en/,2023,,VOLUMEN 22,1,Deportes olímpicos en las pinturas de Josep Fossas,,R. Balius i Juli,,,,,https://archivosdemedicinadeldeporte.com/articulos/upload/arte-estadio_105.pdf,,,,https://archivosdemedicinadeldeporte.com/articulo/es/75/2001/873/,,,,,,,,,,,,,,,,,,,,,,,
Archivos de Medicina del Deporte,,https://archivosdemedicinadeldeporte.com/en/,2023,,VOLUMEN 22,2,Marta Grífol y su ciclismo integral,,R. Balius i Juli,,,,,https://archivosdemedicinadeldeporte.com/articulos/upload/Arte_Estadio_147_106.pdf,,,,https://archivosdemedicinadeldeporte.com/articulo/es/74/2001/857/,,,,,,,,,,,,,,,,,,,,,,,
Archivos de Medicina del Deporte,,https://archivosdemedicinadeldeporte.com/en/,2023,,VOLUMEN 22,3,André Fougeron: sólo rugby,,R. Balius i Juli,,,,,https://archivosdemedicinadeldeporte.com/articulos/upload/Arte-estadio_107.pdf,,,,https://archivosdemedicinadeldeporte.com/articulo/es/73/2001/845/,,,,,,,,,,,,,,,,,,,,,,,
Archivos de Medicina del Deporte,,https://archivosdemedicinadeldeporte.com/en/,2023,,VOLUMEN 22,4,"Joe Wilder: atleta, cirujano y pintor",,R. Balius i Juli,,,,,https://archivosdemedicinadeldeporte.com/articulos/upload/Arte_estadio_108.pdf,,,,https://archivosdemedicinadeldeporte.com/articulo/es/72/2001/833/,,,,,,,,,,,,,,,,,,,,,,,
Archivos de Medicina del Deporte,,https://archivosdemedicinadeldeporte.com/en/,2023,,VOLUMEN 22,5,El deporte inverosímil y fantástico de Carme Albaigés,,R. Balius i Juli,,,,,https://archivosdemedicinadeldeporte.com/articulos/upload/Arte-estadio_109.pdf,,,,https://archivosdemedicinadeldeporte.com/articulo/es/71/2001/817/,,,,,,,,,,,,,,,,,,,,,,,
Archivos de Medicina del Deporte,,https://archivosdemedicinadeldeporte.com/en/,2023,,VOLUMEN 22,6,Comunicaciones especiales,,,,,,,https://archivosdemedicinadeldeporte.com/articulos/upload/comunicaciones_especiales_531_110.pdf,,,,https://archivosdemedicinadeldeporte.com/articulo/es/70/2001/805/,,,,,,,,,,,,,,,,,,,,,,,
Archivos de Medicina del Deporte,,https://archivosdemedicinadeldeporte.com/en/,2023,,VOLUMEN 21,1,Gesto movimiento y energía,,R. Balius i Juli,,,,,https://archivosdemedicinadeldeporte.com/articulos/upload/ArteEstadio_53_99.pdf,,,,https://archivosdemedicinadeldeporte.com/articulo/es/81/2001/958/,,,,,,,,,,,,,,,,,,,,,,,
Archivos de Medicina del Deporte,,https://archivosdemedicinadeldeporte.com/en/,2023,,VOLUMEN 21,2,Deportes en el coro de la catedral de Barcelona,,R. Balius i Juli,,,,,https://archivosdemedicinadeldeporte.com/articulos/upload/arte_en_el_estadio_100-def.pdf,,,,https://archivosdemedicinadeldeporte.com/articulo/es/80/2001/950/,,,,,,,,,,,,,,,,,,,,,,,
Archivos de Medicina del Deporte,,https://archivosdemedicinadeldeporte.com/en/,2023,,VOLUMEN 21,3,"Jordi Alumá, un artista para el olimpismo",,R. Balius i Juli,,,,,https://archivosdemedicinadeldeporte.com/articulos/upload/arte-estadio_101.pdf,,,,https://archivosdemedicinadeldeporte.com/articulo/es/79/2001/933/,,,,,,,,,,,,,,,,,,,,,,,
Archivos de Medicina del Deporte,,https://archivosdemedicinadeldeporte.com/en/,2023,,VOLUMEN 21,4,"Joan Miró, el artista poeta",,R. Balius i Juli,,,,,https://archivosdemedicinadeldeporte.com/articulos/upload/Arte_estadio_102.pdf,,,,https://archivosdemedicinadeldeporte.com/articulo/es/78/2001/920/,,,,,,,,,,,,,,,,,,,,,,,
Archivos de Medicina del Deporte,,https://archivosdemedicinadeldeporte.com/en/,2023,,VOLUMEN 21,5,Comunicaciones de Medicina del Deporte IV,,,,,,,https://archivosdemedicinadeldeporte.com/articulos/upload/comunic_13_453_103.pdf,,,,https://archivosdemedicinadeldeporte.com/articulo/es/77/2001/908/,,,,,,,,,,,,,,,,,,,,,,,
Archivos de Medicina del Deporte,,https://archivosdemedicinadeldeporte.com/en/,2023,,VOLUMEN 21,6,Los luchadores versátiles de Jurry Chernov,,R. Balius i Juli,,,,,https://archivosdemedicinadeldeporte.com/articulos/upload/Arte_estadio_104.pdf,,,,https://archivosdemedicinadeldeporte.com/articulo/es/76/2001/886/,,,,,,,,,,,,,,,,,,,,,,,
Archivos de Medicina del Deporte,,https://archivosdemedicinadeldeporte.com/en/,2023,,VOLUMEN 20,1,Luminosidad y color en los futbolistas de Nicolas de Staël,,R. Balius i Juli,,,,,https://archivosdemedicinadeldeporte.com/articulos/upload/Arte_estadio_93.pdf,,,,https://archivosdemedicinadeldeporte.com/articulo/es/87/2001/1039/,,,,,,,,,,,,,,,,,,,,,,,
Archivos de Medicina del Deporte,,https://archivosdemedicinadeldeporte.com/en/,2023,,VOLUMEN 20,2,Lola Anglada y sus imágenes deportivas satíricas,,R. Balius i Juli,,,,,https://archivosdemedicinadeldeporte.com/articulos/upload/arte_estadio_94.pdf,,,,https://archivosdemedicinadeldeporte.com/articulo/es/86/2001/1025/,,,,,,,,,,,,,,,,,,,,,,,
Archivos de Medicina del Deporte,,https://archivosdemedicinadeldeporte.com/en/,2023,,VOLUMEN 20,3,El arte inclasificable de Manuel Rubiales,,R. Balius i Juli,,,,,https://archivosdemedicinadeldeporte.com/articulos/upload/arteenelestadio_95.pdf,,,,https://archivosdemedicinadeldeporte.com/articulo/es/85/2001/1010/,,,,,,,,,,,,,,,,,,,,,,,
Archivos de Medicina del Deporte,,https://archivosdemedicinadeldeporte.com/en/,2023,,VOLUMEN 20,4,El deporte paleolítico de Fernando Krahn,,R. Balius i Juli,,,,,https://archivosdemedicinadeldeporte.com/articulos/upload/ArteEstadio_96.pdf,,,,https://archivosdemedicinadeldeporte.com/articulo/es/84/2001/995/,,,,,,,,,,,,,,,,,,,,,,,
Archivos de Medicina del Deporte,,https://archivosdemedicinadeldeporte.com/en/,2023,,VOLUMEN 20,5,El tigre deportivo de Barcelona?€™92,,R. Balius i Juli,,,,,https://archivosdemedicinadeldeporte.com/articulos/upload/Arte_estadio_97.pdf,,,,https://archivosdemedicinadeldeporte.com/articulo/es/83/2001/981/,,,,,,,,,,,,,,,,,,,,,,,
Archivos de Medicina del Deporte,,https://archivosdemedicinadeldeporte.com/en/,2023,,VOLUMEN 20,6,Fútbol de humor total en la obra de Ricard Opisso,,R. Balius i Juli,,,,,https://archivosdemedicinadeldeporte.com/articulos/upload/ArteEstadio_98.pdf,,,,https://archivosdemedicinadeldeporte.com/articulo/es/82/2001/966/,,,,,,,,,,,,,,,,,,,,,,,
Archivos de Medicina del Deporte,,https://archivosdemedicinadeldeporte.com/en/,2023,,VOLUMEN 19,1,Un arte fantástico y enigmático,,R. Balius i Juli,,,,,https://archivosdemedicinadeldeporte.com/articulos/upload/Arte_estadio_87.pdf,,,,https://archivosdemedicinadeldeporte.com/articulo/es/93/2001/1122/,,,,,,,,,,,,,,,,,,,,,,,
Archivos de Medicina del Deporte,,https://archivosdemedicinadeldeporte.com/en/,2023,,VOLUMEN 19,2,El deportista como prototipo de estética plástica,,R. Balius i Juli,,,,,https://archivosdemedicinadeldeporte.com/articulos/upload/Arte_Estadio_88.pdf,,,,https://archivosdemedicinadeldeporte.com/articulo/es/92/2001/1109/,,,,,,,,,,,,,,,,,,,,,,,
Archivos de Medicina del Deporte,,https://archivosdemedicinadeldeporte.com/en/,2023,,VOLUMEN 19,3,Raíces cubistas en la obra deportiva de Joan Capella,,R. Balius i Juli,,,,,https://archivosdemedicinadeldeporte.com/articulos/upload/Arte_Estadio_89.pdf,,,,https://archivosdemedicinadeldeporte.com/articulo/es/91/2001/1094/,,,,,,,,,,,,,,,,,,,,,,,
Archivos de Medicina del Deporte,,https://archivosdemedicinadeldeporte.com/en/,2023,,VOLUMEN 19,4,"""Les Sportsmen"", por Xavier Gosé",,R. Balius i Juli,,,,,https://archivosdemedicinadeldeporte.com/articulos/upload/Art_estadio_90.pdf,,,,https://archivosdemedicinadeldeporte.com/articulo/es/90/2001/1080/,,,,,,,,,,,,,,,,,,,,,,,
Archivos de Medicina del Deporte,,https://archivosdemedicinadeldeporte.com/en/,2023,,VOLUMEN 19,5,"Josep Segrelles, ilustrador, cartelista y pintor del deporte",,R. Balius i Juli,,,,,https://archivosdemedicinadeldeporte.com/articulos/upload/Arte_en_el_estadio_91.pdf,,,,https://archivosdemedicinadeldeporte.com/articulo/es/89/2001/1066/,,,,,,,,,,,,,,,,,,,,,,,
Archivos de Medicina del Deporte,,https://archivosdemedicinadeldeporte.com/en/,2023,,VOLUMEN 19,6,De la abstracción a la figuración a través del deporte,,R. Balius i Juli,,,,,https://archivosdemedicinadeldeporte.com/articulos/upload/Arte_estadio_92.pdf,,,,https://archivosdemedicinadeldeporte.com/articulo/es/88/2001/1052/,,,,,,,,,,,,,,,,,,,,,,,
Archivos de Medicina del Deporte,,https://archivosdemedicinadeldeporte.com/en/,2023,,VOLUMEN 18,1,"Las bicicletas, el tándem y el automóvil de Ramón Casas",,R. Balius i Juli,,,,,https://archivosdemedicinadeldeporte.com/articulos/upload/AMD_81_Arte_estadio.pdf,,,,https://archivosdemedicinadeldeporte.com/articulo/es/99/2001/1202/,,,,,,,,,,,,,,,,,,,,,,,
Archivos de Medicina del Deporte,,https://archivosdemedicinadeldeporte.com/en/,2023,,VOLUMEN 18,2,Primitivismo deportivo artístico en la obra pictórica de James Rizzi,,R. Balius i Juli,,,,,https://archivosdemedicinadeldeporte.com/articulos/upload/AMD_82_Arte_estadio.pdf,,,,https://archivosdemedicinadeldeporte.com/articulo/es/98/2001/1190/,,,,,,,,,,,,,,,,,,,,,,,
Archivos de Medicina del Deporte,,https://archivosdemedicinadeldeporte.com/en/,2023,,VOLUMEN 18,3,Actividad física y calidad ósea,,"Luis del Río Barquero, Daniel Roig Vilaseca",,Podemos indicar que calidad ósea es equivalente a la integridad histológica y arquitectónica de los componentes del hueso que permite el mantenimiento de las funciones mecánicas que tiene asignadas. We can indicate that bone quality is equivalent to the histological and architectural integrity of the bone components that allows the maintenance of the mechanical functions assigned to it.,,,https://archivosdemedicinadeldeporte.com/articulos/upload/AMD_83%28211-221%29_2001_Act_fisica_calidad_osea.pdf,,,,https://archivosdemedicinadeldeporte.com/articulo/es/143/2001/1778/,,,,,,,,,,,,,,,,,,,,,,,
Archivos de Medicina del Deporte,,https://archivosdemedicinadeldeporte.com/en/,2023,,VOLUMEN 18,5,Meeting travelling fellwship E. F. S. M.,,,,,,,https://archivosdemedicinadeldeporte.com/articulos/upload/19-Meeting_travelling_Fellowship_EFSM.pdf,,,,https://archivosdemedicinadeldeporte.com/articulo/es/101/2001/1256/,,,,,,,,,,,,,,,,,,,,,,,
Archivos de Medicina del Deporte,,https://archivosdemedicinadeldeporte.com/en/,2023,,VOLUMEN 18,6,André Dunoyer de Segonzac: el mejor testigo del deporte de una época brillante,,R. Balius i Juli,,,,,https://archivosdemedicinadeldeporte.com/articulos/upload/Arte_estadio_86.pdf,,,,https://archivosdemedicinadeldeporte.com/articulo/es/94/2001/1139/,,,,,,,,,,,,,,,,,,,,,,,
